 ID,Place Name,Place Locatioon,Place Image,is place free,Created,Updated
90,flower shop,"700 1/2 Lydia St, Austin, TX 78702, USA",,,2025-06-29T03:31:09.822Z,2025-06-29T21:19:52.440Z
89,Austin Proper Hotel,"600 W 2nd St, Austin, TX 78701, USA",,,2025-06-28T23:57:19.572Z,2025-06-29T00:53:53.527Z
88,barbarellas ,"611 Red River St, Austin, TX 78701, USA","{'url':'a82862ced93e49caf15a9d1a88b8cef81bcb4e4ff6bd67701172ff6066fb60de.jpeg','size':2664439,'width':4032,'height':3024,'filename':'IMG_5699.jpeg','metadata':{'width':4032,'height':3024,'blurHash':'eA5;?.n:D$Rk%NM{a$xva~V]D|WlxvofRitRj;M_obk8RWoNt4f5Rn','blurHashWidth':32}}",,2025-06-28T06:18:19.437Z,2025-06-30T03:46:52.538Z
87,floppy disk,"119 E 5th St., Austin, TX 78701, USA",,,2025-06-28T06:06:06.862Z,2025-06-28T06:06:06.862Z
86,Austin Bouldering Project,"979 Springdale Rd, Austin, TX 78702, USA",,,2025-06-26T23:56:11.459Z,2025-06-26T23:56:17.452Z
85,Codependent Cocktails + Coffee,"301 West Ave ste 110, Austin, TX 78701, USA","{'url':'2aa358d6d6c89bc55ebc99de7341a517dbad7ffaa74da04488264127cafaf48e.jpeg','size':2223599,'width':1290,'height':1687,'filename':'IMG_6690.jpeg','metadata':{'width':1290,'height':1687,'blurHash':'ebG[_}M{axxuWBtRIUaxozoL~qV@RkogoMIof6ofj]ayRkWBj]j[j@','blurHashWidth':32}}",,2025-06-24T17:02:24.997Z,2025-06-24T18:42:14.406Z
84,Golds Gym,"6001 Middle Fiskville Rd #100, Austin, TX 78752, USA",,,2025-06-24T12:43:51.161Z,2025-06-29T21:20:19.361Z
83,low down,"1412 E 6th St #3304, Austin, TX 78702, USA",,,2025-06-24T03:32:35.014Z,2025-06-24T03:32:42.947Z
82,Athletic Outcomes,"2301-A E Riverside Dr #50, Austin, TX 78741, USA",,,2025-06-24T02:23:17.934Z,2025-06-24T02:23:17.934Z
81,mueller farmers marker,"901 Spence St, Austin, TX 78702, USA","{'url':'99cec182c3afe6f96c85e4fea0ec4ae119fe93a2bb9cc956b359d245f030a90d.jpg','size':5026834,'width':4032,'height':3024,'filename':'image.jpg','metadata':{'width':4032,'height':3024,'blurHash':'eTI5e@ITt7ofog0LWAozj[oz?bxtM{t7j]%MM{M{ofofRjWAs:ayt7','blurHashWidth':32}}",,2025-06-22T17:28:43.385Z,2025-06-29T21:20:10.367Z
80,Lifetime South (Austin),"7101 S MoPac Expy, Austin, TX 78749, USA","{'url':'fd989115f403a187eaa959bf55676d679fdf29bc56aa554567e894b8e9fde7c6.jpeg','size':1365212,'width':1284,'height':1271,'filename':'3A6636B1-87B4-4858-A4F7-833F54572A0A.jpeg','metadata':{'width':1284,'height':1271,'blurHash':'ekM7rsV?WAt6oe%%V@j[a}aeF#t7a#flaeN{kDaxjsoLS%bwaejskC','blurHashWidth':32}}",,2025-06-21T01:24:37.558Z,2025-06-30T21:21:59.031Z
79,mean eyed cat,"1621 W 5th St, Austin, TX 78703, USA",,,2025-06-20T23:48:50.936Z,2025-06-21T16:13:13.834Z
78,whole foods,"525 N Lamar Blvd, Austin, TX 78703, USA","{'url':'3ff5923266e98c8474f67abc7699226147ed084ca641a8f69d9741d5c87837d3.jpeg','size':1072393,'width':1320,'height':984,'filename':'IMG_9301.jpeg','metadata':{'width':1320,'height':984,'blurHash':'eoGS.inMt3jEs+cIV?s7oHjEM~bJWBf5WAjEbJa$j?axxsobozWYj[','blurHashWidth':32}}",,2025-06-19T02:00:10.921Z,2025-06-24T20:17:05.092Z
77,Cowboys Fit,"411 N Washington Ave Ste 1900, Dallas, TX 75246, USA","{'url':'44e2fd5ce3aecc49e445ac0304b2c14611039bd9d57797fb7f755cb6fb8fb9e3.jpeg','size':50460,'width':396,'height':305,'filename':'IMG_9479.jpeg','metadata':{'width':396,'height':305,'blurHash':'eNBDsi-;9Ga#xu0KIUxtfQj[Rjoft7j[Rj?bxuWBj[WB00IUxuayj[','blurHashWidth':32}}",,2025-06-16T16:38:58.493Z,2025-06-16T16:39:05.263Z
76,Luna ,"120 W 5th St, Austin, TX 78701, USA",,,2025-06-15T00:13:11.569Z,2025-06-24T20:17:20.972Z
75,Crunch - South Austin,"4625 W William Cannon Dr, Austin, TX 78749, USA","{'url':'0a0db8b1705d227af00b510e2685fe1875dc4c92f64ee3a2274828a9cfb3bad8.jpeg','size':129838,'width':780,'height':624,'filename':'IMG_7281.jpeg','metadata':{'width':780,'height':624,'blurHash':'eh9bqyRnj[kDaypMRlo#azaycIa$ogj]aep1j]V?kCaebdj=ROf5of','blurHashWidth':32}}",,2025-06-13T00:10:57.293Z,2025-06-18T03:15:05.063Z
74,Moody Center,"2001 Robert Dedman Dr, Austin, TX 78712, USA","{'url':'90f51ca3000f9585140592cb0666f6fcaa1310f4e9cdfa1f37164b35bdab67db.jpg','size':670838,'width':1439,'height':961,'filename':'ef71ec41-c456-41c4-ac76-be71c439f628-1_all_68049.jpg','metadata':{'width':1439,'height':961,'blurHash':'ecCs]xROTLkWbIT#V?kXR.aeF#f,ngs:e-JCX9rpsloKs:j[jFjEX9','blurHashWidth':32}}",,2025-06-12T23:24:53.289Z,2025-06-12T23:25:04.244Z
73,Merit coffee,"1105 S Lamar Blvd, Austin, TX 78704, USA","{'url':'1a36392ef91c2598dd74808f15ef60028ee92d0587807b7e59f76a55fa3dcea0.jpeg','size':6798704,'width':4032,'height':3024,'filename':'DC6F307C-02D1-4FC9-A371-9D00D59A96D0.jpeg','metadata':{'width':4032,'height':3024,'blurHash':'eFE{a|XTMv#jw}0enhIqJ:XR^*IVxuofbbJCX7k8VrwerqVsxvtRSz','blurHashWidth':32}}",,2025-06-12T15:38:19.786Z,2025-06-12T19:29:08.443Z
72,The White Horse,"500 Comal St, Austin, TX 78702, USA","{'url':'0ddd55ea10e3ddd9312ed28b4b28df2a4ba188dc520fa06a0401e55f738562d0.jpeg','size':1032767,'width':1170,'height':851,'filename':'IMG_1881.jpeg','metadata':{'width':1170,'height':851,'blurHash':'eA7_1YpI0Mn3$2icMxNdtlkXE*xu-TM{V@4:bH-ojaWCVYnOogXTX9','blurHashWidth':32}}",,2025-06-11T04:38:18.417Z,2025-06-13T03:36:39.076Z
39,Celebration church,"601 Westinghouse Rd, Georgetown, TX 78626, USA","{'url':'6659d58186d71c69bc799df38d801975577f63eea487aff702d9737b85b3c182.jpeg','size':134824,'width':2100,'height':946,'filename':'IMG_7473.jpeg','metadata':{'width':2100,'height':946,'blurHash':'eSR3TWxu~q-;9F~qof?bt7D%IUayRjWBof~qofRjj[ofxuj[t7j[Rj','blurHashWidth':32}}",,2025-06-06T23:11:45.075Z,2025-06-13T21:05:25.842Z
38,Port Aransas Beach,"Port Aransas Beach, Port Aransas, TX 78373, USA","{'url':'e2a142f222a55194d60237b3f86b98d48a833f08647c18830797afb3bcc6e37c.jpeg','size':1362138,'width':1284,'height':1634,'filename':'FE2C1B05-FAF5-4CAE-A561-7884D0EDA704.jpeg','metadata':{'width':1284,'height':1634,'blurHash':'eMHCQKM{M{xuWB0=RQoMt7j[~UWBjbt7WB-naxj[oef6NzWBt7WBax','blurHashWidth':32}}",,2025-06-06T19:59:13.588Z,2025-06-17T07:00:01.829Z
37,Lazarus Brewing Co,"1902 E 6th St, Austin, TX 78702, USA","{'url':'868b8d1603be57e2825d321c03edd1fda07b7542a91a3dfb89ca293e8eadd4f1.jpeg','size':434870,'width':505,'height':828,'filename':'B2D99AB5-5DE5-447B-BDA6-9ABBC857EECE.jpeg','metadata':{'width':505,'height':828,'blurHash':'e-D,vbt9bcogj[yGjvaeflj[kZV@jXaxaeV@WAoejZayacj?jbbIkC','blurHashWidth':32}}",,2025-06-04T19:13:26.056Z,2025-06-04T19:13:26.056Z
36,Luna Rooftop,"120 W 5th St, Austin, TX 78701, USA","{'url':'74bb880da7fd61a855d8d9839a9e4397e77a0896a654a8af0f4034c5b83ac3f8.jpeg','size':556216,'width':646,'height':937,'filename':'ED4E8F11-ACCC-41B1-A7BA-E7F8D8BB1D09.jpeg','metadata':{'width':646,'height':937,'blurHash':'eZExw_M|tPoMof?EWExaj[of~CRRt6j[fks*RkoyjufkjZR+j?a|ay','blurHashWidth':32}}",,2025-06-04T19:04:29.487Z,2025-06-04T19:04:29.487Z
35,Strangelove,"2614 E Cesar Chavez St, Austin, TX 78702, USA","{'url':'eccbb5e67faa8542245c022419bf15421a03353b3b4f5c27f94845dc77e6827d.jpeg','size':2015491,'width':1284,'height':1699,'filename':'9118988E-96AB-4E95-8B7C-CF1E8A4B5BCC.jpeg','metadata':{'width':1284,'height':1699,'blurHash':'eDE{FItk4.s%oyn2x@x]Rkof4Uw|%2%Ns:Roa%aexZxujGofoejEWU','blurHashWidth':32}}",,2025-06-03T20:17:56.939Z,2025-06-04T14:41:22.687Z
34,Little Woodrow’s,"522 W 6th St, Austin, TX 78701, USA",,,2025-06-01T03:09:43.254Z,2025-06-23T01:23:12.550Z
33,aba,"1011 S Congress Ave Bldg 2 Suite 180, Austin, TX 78704, USA","{'url':'be3ba855ac624b84bc80020c71c814400c2cf88d6d3c852eda2dec0e147e3924.jpg','size':3433998,'width':4032,'height':3024,'filename':'image.jpg','metadata':{'width':4032,'height':3024,'blurHash':'eKIOa?-:I9%M%N01aiV[RjRj4oa$R.RiaxITITozofoe%g%2xaoMbI','blurHashWidth':32}}",,2025-06-01T00:50:44.858Z,2025-06-11T12:59:27.664Z
32,De Nada Cantina,"4715 E Cesar Chavez St, Austin, TX 78702, USA","{'url':'5a6d994f5b1a0e17401fb1439c275bfd117cf12c5d86e3a55f0001cece97e604.jpeg','size':379905,'width':1284,'height':1550,'filename':'14504843-8AD2-474B-8039-96FD7EDDE0BA.jpeg','metadata':{'width':1284,'height':1550,'blurHash':'eHHyOVx9pLx^ROtTnzIqxWxZ%hofMbjXWB.AIsRORkkC9ERiI[axt7','blurHashWidth':32}}",,2025-05-30T15:57:58.070Z,2025-06-22T01:46:46.780Z
31,the lucky duck,"1300 E 6th St, Austin, TX 78702, USA","{'url':'f9aa48fcb4ed8450fafdef9a2c893870c81b8c240423a273184c3527c3dfae35.png','size':3003347,'width':1080,'height':2400,'filename':'1000003759.png','metadata':{'width':1080,'height':2400,'blurHash':'ehIY2$t6oKt7t700ofV@bHWB?bafj[j@oL-;WBWWaya{xuogWBa|WB','blurHashWidth':32}}",,2025-05-25T20:01:46.032Z,2025-06-30T00:34:06.360Z
30,Party Cove Lake Austin,"Lake Austin, Texas, USA","{'url':'597d444ab1ea388fc045321a9d5db5c815e535d270fd844e6796f1bb7a2058bc.jpeg','size':349834,'width':1280,'height':720,'filename':'27A1A37D-64A8-4CED-9BAC-D5B0231D8986.jpeg','metadata':{'width':1280,'height':720,'blurHash':'eeGlnvaOn,afX8XVbvsSoze.%$n+R%j]WB?wX9nhoMW:tnsmozW=jb','blurHashWidth':32}}",,2025-05-23T22:09:38.517Z,2025-06-01T22:41:02.169Z
29,Devils Cove Lake Travis,"Lake Travis, Texas, USA","{'url':'52401dd52bbcdfb8fc9fca4e4c6d312aa8b9fe08de47a1e1b8215ac635608012.jpeg','size':669950,'width':1284,'height':2516,'filename':'DD7A92D8-576D-42CE-BCF9-DC64AA11CA12.jpeg','metadata':{'width':1284,'height':2516,'blurHash':'eVEDC%xtkVxajYt:j?niWYkC.AWANHoeaeEkW?s:WEfltTR%bFayR*','blurHashWidth':32}}",,2025-05-23T22:09:06.587Z,2025-05-25T17:01:13.184Z
28,Barton springs,"Barton Springs, Austin, TX 78746, USA",,,2025-05-20T21:02:43.533Z,2025-05-25T20:26:06.102Z
27,LifeTime Alliance,"10761 Founders Wy, Fort Worth, TX 76177, USA",,,2025-05-19T23:44:22.807Z,2025-05-19T23:44:22.807Z
26,beez kneez ,"610 Nueces St Suite 100, Austin, TX 78701, USA","{'url':'bac0a734049cf7aa1a35566c1c84b51bb03004665734f00f3aa464c2837a50ce.jpg','size':1806733,'width':4032,'height':3024,'filename':'image.jpg','metadata':{'width':4032,'height':3024,'blurHash':'e45hV,nmDhMx?Z=|RkScRj%LIVR*x[ogNG0yk9-pxu9a4Ut5tmxuIo','blurHashWidth':32}}",,2025-05-10T06:46:21.762Z,2025-06-26T08:52:15.358Z
25,Soho House Austin,"1011 S Congress Ave Building 2, Suite 100, Austin, TX 78704, USA","{'url':'9ce2d2554903a9f1110344cb4df9d242bbdf6dc4dccc1ab41c33250ec634afcf.jpeg','size':1301214,'width':1284,'height':966,'filename':'0CE77782-D992-43DD-B46A-97A112966F92.jpeg','metadata':{'width':1284,'height':966,'blurHash':'e7Bp2w9b0Mt6oeJCIpjYt6WVMxWBRjW=WrMyt6NH-oRkIoxuNHs.s.','blurHashWidth':32}}",,2025-05-06T19:42:20.747Z,2025-06-22T01:46:20.981Z
24,East Side Paddle Club,"979 Springdale Rd #120, Austin, TX 78702, USA","{'url':'bae3621e87006f76e1a3f77fef3fdb7f4d78caeb368c4770b078a36ed80c3e05.jpeg','size':700656,'width':868,'height':848,'filename':'80E7615C-36D6-4B5E-B987-4AA00F6A8373.jpeg','metadata':{'width':868,'height':848,'blurHash':'eUJH,JM_n7-;SL?dMxO9WYRjIot6WBM{niact8o2Rjt7D$aeafR%W;','blurHashWidth':32}}",,2025-05-06T18:12:50.659Z,2025-06-10T21:04:17.126Z
23,White Tiger,"1321 S Congress Ave, Austin, TX 78704, USA","{'url':'1be4500c416399ea240f60970610b30e665194fdb6e82464f5391ff0ea26283e.jpeg','size':3026545,'width':4032,'height':3024,'filename':'C9B2F8FC-DC69-47AA-8BBB-C8DBD0C93B90.jpeg','metadata':{'width':4032,'height':3024,'blurHash':'eJEfA}ok_4-=-:?aM{?axs%LMb$[-hoHxtIt-;-pRlbHt9xwItIVxt','blurHashWidth':32}}",,2025-05-02T02:57:34.469Z,2025-05-02T02:57:58.114Z
22,Codependent Cocktails + Coffee,"301 West Ave STE 110, Austin, TX 78701, USA","{'url':'e86edcbe826476d6af8edb00464cad03151bd69d7c4af798346144afb83cc241.jpg','size':3019815,'width':4032,'height':3024,'filename':'image.jpg','metadata':{'width':4032,'height':3024,'blurHash':'eGF=z2-=Ip%MkX~VIuWrbHoKmPIUxZV@M{I]IoxWbIoe%$%2xsofog','blurHashWidth':32}}",,2025-04-30T14:55:51.131Z,2025-05-14T13:14:47.509Z
21,Austin Pickle Ranch,"11000 Middle Fiskville Rd Building B, Austin, TX 78753, USA",,,2025-04-29T23:45:01.955Z,2025-04-29T23:45:11.575Z
20,Zilker Park,"Austin, TX 78746, USA","{'url':'0cc41b048582690d1eb66f55f387caf56b91266d16102e9bab50969dbdb1d1c3.jpeg','size':1375114,'width':1284,'height':1361,'filename':'73B06BBE-0C4D-406D-9FF3-DE030A67C047.jpeg','metadata':{'width':1284,'height':1361,'blurHash':'e;Fs_RtSRio#WAX=W?jYbJf5WEaxj]f7j[ROadj]aefij^j@WVf6ax','blurHashWidth':32}}",,2025-04-24T22:06:48.806Z,2025-06-29T17:00:42.761Z
19,The Flower Shop,"1300 E 7th St, Austin, TX 78702, USA","{'url':'67d0a0ad72d897095c386252c9440e47df9e9e20ca6fab7fda9a0df1af28d147.jpg','size':1920813,'width':4032,'height':3024,'filename':'image.jpg','metadata':{'width':4032,'height':3024,'blurHash':'e56aq?9aM|xuRjxvbboeWBt60M-oxaRka}IUt6R*ofRk%KIpRkt6n$','blurHashWidth':32}}",,2025-04-20T01:49:39.347Z,2025-05-27T21:47:27.628Z
18,armadillo den,"10106 Menchaca Rd, Austin, TX 78748, USA",,,2025-04-19T23:21:16.300Z,2025-05-25T01:15:02.673Z
17,Equinox,"1007 S Congress Ave Ste 100, Austin, TX 78704, USA","{'url':'717fbef99e47106b49fe2720c7d3ae183a06774c79a99456cc4c07f55964ddd5.jpg','size':2587710,'width':4032,'height':3024,'filename':'image.jpg','metadata':{'width':4032,'height':3024,'blurHash':'eOGIDj~V=|-:%M%1MxM{oKoJt6%Mt7WDj[D%ozxuazWBIUs.WBM|ay','blurHashWidth':32}}",,2025-04-14T12:03:28.125Z,2025-07-01T19:26:56.521Z
16,Barton Springs,"Barton Jaycee Fields, 600 Azie Morton Rd, Austin, TX 78704, USA","{'url':'0676004efd2e9ebb8bdc01e61fc47c47e60d22efc0390bb44d4ac4c9f5502dd1.png','size':783371,'width':566,'height':636,'filename':'Screenshot 2025-04-24 at 5.26.48 PM.png','metadata':{'width':566,'height':636,'blurHash':'eGCQ[3%%.9.9tSrBx]x]x]xvJC.8oftRxvyZ%htStSt8?bR+ogogWC','blurHashWidth':32}}",FALSE,2025-04-13T19:28:47.154Z,2025-06-30T03:46:34.357Z
15,The Catherine,"214 Barton Springs Rd, Austin, TX 78704, USA",,,2025-04-13T03:09:00.587Z,2025-04-13T03:09:00.587Z
14,Radio Rosewood,"1115 E 11th St, Austin, TX 78702, USA","{'url':'47a14395978acb33559af04f90243acdfe5254286bb3adef2273a3df7f5ea2c1.jpg','size':2306807,'width':4032,'height':3024,'filename':'image.jpg','metadata':{'width':4032,'height':3024,'blurHash':'efD0[sI8t7RkWByGV=R*ofaxM|t7f5kCayVWWXs;WBogI8V@bcf5kC','blurHashWidth':32}}",,2025-04-12T22:16:02.610Z,2025-05-26T19:35:29.153Z
13,Zanzibar,"304 E Cesar Chavez St, Austin, TX 78701, USA",,,2025-04-12T20:31:17.877Z,2025-05-26T19:35:36.326Z
12,Loro,"2115 S Lamar Blvd, Austin, TX 78704, USA","{'url':'fe9b999da0298f3a430e2a28dc21f59037ea9b1a8a932309a3a54a14ca548e8a.jpg','size':4872491,'width':4032,'height':3024,'filename':'image.jpg','metadata':{'width':4032,'height':3024,'blurHash':'eRFPW:H;tTtSMwT#I8tStRROt9MwkDofaxDix[a#RjofaJtRfkWBWB','blurHashWidth':32}}",,2025-04-09T00:52:46.328Z,2025-06-24T00:49:17.013Z
11,Gold’s Gym,"4404 W William Cannon Dr Ste D, Austin, TX 78749, USA","{'url':'a379104548830890b3623e188a52bbf7bb12ea1a45d6c49bc1451909a8286388.png','size':501493,'width':570,'height':760,'filename':'Screenshot 2025-04-07 at 10.41.53 PM.png','metadata':{'width':570,'height':760,'blurHash':'etC@XExuozogj[yGogj[ofj]tSj?WBWCayM{WBaxWBaeaJj]j]ofj]','blurHashWidth':32}}",FALSE,2025-04-06T18:34:18.005Z,2025-05-23T22:49:39.283Z
10,Chalmers,"1700 E Cesar Chavez St, Austin, TX 78702, USA","{'url':'e1ec501bf8ef6daebae8d0cc848ab2641e0a8208c111e1aa25fe389242aa4ce7.jpeg','size':1346073,'width':1284,'height':1535,'filename':'F3099D0B-ADDD-47A1-9176-0BB683B78C1B.jpeg','metadata':{'width':1284,'height':1535,'blurHash':'etKBj.oLtQoft6?woeofbHay.8f*aet7WBIpt7RjjZWBxuj[RjWBof','blurHashWidth':32}}",,2025-04-06T00:33:29.016Z,2025-06-20T03:33:45.394Z
9,Lady Bird Trail,"2 Robert T Martinez Jr St, Austin, TX 78702, USA","{'url':'0742e8e88d523631ba548135c069fb17171a46737673b24681df20bf36fce39e.jpg','size':4996493,'width':4032,'height':3024,'filename':'image.jpg','metadata':{'width':4032,'height':3024,'blurHash':'efG[.tn#D%ogt7%%NFM_ogof_3RiWAt7WBx]WBogWCRjkDWVt7WAR%','blurHashWidth':32}}",,2025-04-05T20:45:27.153Z,2025-07-01T18:08:44.376Z
8,Matt’s El Rancho,"2613 S Lamar Blvd, Austin, TX 78704, USA","{'url':'3f7dd346b3996c7a450bca1c1bfccf24657db87d83fdf5b1b2dad3b18cda1263.jpeg','size':4543294,'width':4032,'height':3024,'filename':'01AC07B9-EE74-4FE5-A7EF-C8C0AB41F3C6.jpeg','metadata':{'width':4032,'height':3024,'blurHash':'eMF=BkI-%gRPsp_M9Y-pWAWBPTDi%MNZWU-;rsbvaes:,@XSxtniWV','blurHashWidth':32}}",,2025-04-04T23:44:30.704Z,2025-05-23T22:49:19.122Z
6,Guest House,"110 San Antonio St Ste R140, Austin, TX 78701, USA","{'url':'a665dd38c2bebf9e52f307f778591dbe7d8a9bbf601a82394881689f3b6441ff.png','size':2926726,'width':1138,'height':1490,'filename':'Screenshot 2025-04-07 at 10.40.33 PM.png','metadata':{'width':1138,'height':1490,'blurHash':'e5AJi+~UE3?GD*0L9ZE2xu?a0g-:-oRjRk0LIU%1RkIVe-t6%MNHt7','blurHashWidth':32}}",FALSE,2025-04-03T01:30:52.918Z,2025-05-23T22:44:26.880Z
5,Red Rocks Church,"7625 N Interstate Hwy 35, Austin, TX 78752, USA","{'url':'f15dd51d226fd3569b87158fbd89c7ef9752c5126429f29eebd9de45bd7fe814.jpeg','size':175785,'width':780,'height':624,'filename':'5C4AB19E-7240-4932-81C7-BE4FED94B3B0.jpeg','metadata':{'width':780,'height':624,'blurHash':'euGbuBIAWBxufk~qM{ayxboftRxuWBoft7of%MWBWBt7tRt7s:WBf6','blurHashWidth':32}}",,2025-04-01T08:09:54.421Z,2025-06-29T21:19:44.309Z
4,Latchkey,"1308 E 6th St, Austin, TX 78702, USA","{'url':'4922dc3501456c2c7c373e517e3dc7f3dbb24b4c12d34e1b7b5423139e49724f.jpeg','size':59283,'width':348,'height':348,'filename':'05A7F237-7222-4950-A7AA-922D843DF28D.jpeg','metadata':{'width':348,'height':348,'blurHash':'eQF#%ZE0WXv|sE%joaNdnNS~O[ozW-sRNfwjOrV@nNogWHkDkVnNkC','blurHashWidth':32}}",,2025-04-01T07:45:12.258Z,2025-06-29T05:43:16.353Z
3,Concourse Project,"8509 Burleson Rd, Austin, TX 78719, USA","{'url':'9ee492a3b110041d8336baa29984458fe81939b4188d17f9fc65dcbe69a21254.jpg','size':177569,'width':1360,'height':762,'filename':'concourse.jpg','metadata':{'width':1360,'height':762,'blurHash':'eR5}wkavIRogxYfpaxj=j[axIQj^%NadRkoGj^WBaxofxwa#M_j@t5','blurHashWidth':32}}",,2025-04-01T07:39:08.144Z,2025-05-07T20:35:08.555Z
2,Cabana Club,"5012 E 7th St, Austin, TX 78702, USA","{'url':'39972b2dfb5e7bfeeb77c1ba0ec4e6fb8478233bf48cea03b2226ebf767ef0c7.jpg','size':142786,'width':680,'height':454,'filename':'cabana clb.jpg','metadata':{'width':680,'height':454,'blurHash':'eKHVu5_N^i8^R4}8+uInWTMcC8yDELM_WS-pw]xbV?f5mQwb%MkBRi','blurHashWidth':32}}",,2025-04-01T07:35:56.986Z,2025-05-26T19:34:30.672Z
1,Cosmic Saltillo,"1300 E 4th St, Austin, TX 78702, USA","{'url':'0f98af74a4739bc4d75eb0f0f69736307180db64bc18a107d240da4136abc4f2.jpg','size':76816,'width':240,'height':320,'filename':'IMG_4517.jpg','metadata':{'width':240,'height':320,'blurHash':'eRE:3s_N-;oIRiMwWCxut7jtN3ohRkkCofD%V?RjRjWBRPRPRjayof','blurHashWidth':32}}",,2025-04-01T05:05:19.308Z,2025-06-24T18:42:51.862Z
